ID,Trainer code,Module,Type,Question or concern,YOUR ANSWER or decision (type here),Change wanted (optional: say what the module should say instead)
10mt-01-C1,BHB-10MT-01,Fire Safety Awareness,Check (law or wording),assembly point (car park at the bottom of the Orangery) is taken from the trainer as a venue fact; please confirm it is current.,,
10mt-01-C2,BHB-10MT-01,Fire Safety Awareness,Check (law or wording),the trainer says to call 999 as well as raising the alarm. Many fire procedures have the alarm calling the Fire Service automatically or a manager making the call; confirm what your fire procedure says about who dials 999.,,
10mt-01-S1,BHB-10MT-01,Fire Safety Awareness,Venue fact to supply,"Confirm the assembly point is still the car park at the bottom of the Orangery, and that it is the same for the marquee and events.",,
10mt-01-S2,BHB-10MT-01,Fire Safety Awareness,Venue fact to supply,Where the nearest break-glass call points and fire exits are in each department (your manager will show you).,,
10mt-01-S3,BHB-10MT-01,Fire Safety Awareness,Venue fact to supply,Who the Duty Manager is on each shift.,,
10mt-02-C1,BHB-10MT-02,Allergen Awareness,Check (law or wording),the trainer says allergen orders should be prepared separately. Current Food Standards Agency guidance supports this; confirm it matches the venue's allergen procedure.,,
10mt-02-S1,BHB-10MT-02,Allergen Awareness,Venue fact to supply,Where the accurate allergen information is kept for each menu (your manager will show you).,,
10mt-02-S2,BHB-10MT-02,Allergen Awareness,Venue fact to supply,Who the chef or supervisor to tell is on each shift.,,
10mt-02-S3,BHB-10MT-02,Allergen Awareness,Venue fact to supply,How allergen orders are flagged and prepared separately in the kitchen.,,
10mt-03-C1,BHB-10MT-03,Challenge 25 & Age-Restricted Sales,Check (law or wording),"the trainer says ""the person who makes the sale can be personally fined"". This is right, but the law does not set a fixed small fine; please confirm you are happy with the wording used on the slides.",,
10mt-03-C2,BHB-10MT-03,Challenge 25 & Age-Restricted Sales,Check (law or wording),"the trainer lists photo driving licence, passport and PASS hologram card as valid ID. Some premises also accept military ID or approved digital ID; confirm the venue's policy and update if needed.",,
10mt-03-C3,BHB-10MT-03,Challenge 25 & Age-Restricted Sales,Check (law or wording),the refusals log is good practice and usually part of the venue's age verification policy rather than a direct legal requirement; confirm.,,
10mt-03-S1,BHB-10MT-03,Challenge 25 & Age-Restricted Sales,Venue fact to supply,The venue's written age verification policy and the refusals log: where it is kept and how to fill it in.,,
10mt-03-S2,BHB-10MT-03,Challenge 25 & Age-Restricted Sales,Venue fact to supply,Which managers to call on each shift when someone pushes back after a refusal.,,
10mt-03-S3,BHB-10MT-03,Challenge 25 & Age-Restricted Sales,Venue fact to supply,"Whether the venue accepts any other ID beyond photo driving licence, passport and PASS-hologram cards.",,
10mt-04-C1,BHB-10MT-04,Manual Handling — Moving Kegs & Casks,Check (law or wording),"the trainer says musculoskeletal injuries account for ""roughly a third"" of workplace ill-health ""across the UK"". HSE figures for work-related ill-health have put musculoskeletal disorders at around a quarter to a third in recent years; please confirm the current figure before relying on it. The slides say ""about a third"", as the trainer does.",,
10mt-04-C2,BHB-10MT-04,Manual Handling — Moving Kegs & Casks,Check (law or wording),"the trainer says a full 50-litre keg ""can weigh over 70kg"". A full 50-litre keg is commonly nearer 60 to 65kg including the keg itself, depending on the keg. Please weigh a full one and confirm; the safe message (it is too heavy to throw around) does not change.",,
10mt-04-S1,BHB-10MT-04,Manual Handling — Moving Kegs & Casks,Venue fact to supply,"Where the sack barrows, keg trolleys and any lifting aids are kept (your manager will show you).",,
10mt-04-S2,BHB-10MT-04,Manual Handling — Moving Kegs & Casks,Venue fact to supply,"Which cellar ramps, drops, hatches and steps need extra care, and how they are lit.",,
10mt-04-S3,BHB-10MT-04,Manual Handling — Moving Kegs & Casks,Venue fact to supply,Who to ask for a two-person lift on each shift.,,
10mt-05-C1,BHB-10MT-05,Safe Knife Use,Check (law or wording),"none found, but please confirm the venue's own rules on who sharpens knives and how (the trainer only says a sharp knife is safer).",,
10mt-05-S1,BHB-10MT-05,Safe Knife Use,Venue fact to supply,"Where knives are stored, washed and dried in the kitchen (your manager will show you).",,
10mt-05-S2,BHB-10MT-05,Safe Knife Use,Venue fact to supply,"Which knives are used for which jobs, and where the non-slip board cloths are kept.",,
10mt-05-S3,BHB-10MT-05,Safe Knife Use,Venue fact to supply,"Where the first aid kit and the accident book are, in case of a cut.",,
10mt-06-C1,BHB-10MT-06,"Slips, Trips & Falls",Check (law or wording),"the trainer says slips, trips and falls make up ""around 30%"" of workplace injuries in hospitality, are the most common cause of major injuries, lead to ""hundreds of thousands"" of lost working days and cost businesses ""more than £500 million"" a year. These are HSE-style headline figures but may be dated and are national rather than hospitality-specific; please confirm against current HSE statistics. The slides repeat them as the trainer states them.",,
10mt-06-S1,BHB-10MT-06,"Slips, Trips & Falls",Venue fact to supply,"Where wet floor signs, mops and spill kits are kept in each area (your manager will show you).",,
10mt-06-S2,BHB-10MT-06,"Slips, Trips & Falls",Venue fact to supply,Which footwear each department expects.,,
10mt-06-S3,BHB-10MT-06,"Slips, Trips & Falls",Venue fact to supply,"Who your line manager is on each shift, and how to tell them.",,
10mt-07-C1,BHB-10MT-07,Accident & Near-Miss Reporting,Check (law or wording),"the trainer says to write up the accident book ""before the end of your shift"". That is the venue's own rule rather than a legal deadline; please confirm it is what you want. RIDDOR reporting (to HSE) is the manager's job and is not taught in this trainer.",,
10mt-07-C2,BHB-10MT-07,Accident & Near-Miss Reporting,Check (law or wording),"""behind most serious accidents there were usually lots of near-misses"" echoes the well-known safety pyramid, which is a rule of thumb rather than a proven law; the slide softens it to ""often"".",,
10mt-07-S1,BHB-10MT-07,Accident & Near-Miss Reporting,Venue fact to supply,Where the accident book is kept and how to complete it (your manager will show you).,,
10mt-07-S2,BHB-10MT-07,Accident & Near-Miss Reporting,Venue fact to supply,Who the Duty Manager is on each shift.,,
10mt-07-S3,BHB-10MT-07,Accident & Near-Miss Reporting,Venue fact to supply,Where the first aid kit and first aiders are.,,
10mt-08-C1,BHB-10MT-08,Hazard Spotting,Check (law or wording),"none found. The trainer says to take a faulty appliance ""out of use if you can""; confirm the venue's own method for doing this.",,
10mt-08-S1,BHB-10MT-08,Hazard Spotting,Venue fact to supply,"How to report a hazard you cannot fix, and who to tell on each shift (your manager will show you).",,
10mt-08-S2,BHB-10MT-08,Hazard Spotting,Venue fact to supply,"How to take faulty equipment out of use here (tag, sign, or unplug and tell a manager).",,
10mt-08-S3,BHB-10MT-08,Hazard Spotting,Venue fact to supply,Known hazard areas in each department.,,
10mt-09-C1,BHB-10MT-09,COSHH — Safe Use of Chemicals,Check (law or wording),"the trainer's emergency steps are brief (rinse, get first aid, report). For splashes the product's safety data sheet gives the exact first aid; confirm the venue's procedure matches.",,
10mt-09-S1,BHB-10MT-09,COSHH — Safe Use of Chemicals,Venue fact to supply,Where the COSHH assessments and safety data sheets are kept (your manager will show you).,,
10mt-09-S2,BHB-10MT-09,COSHH — Safe Use of Chemicals,Venue fact to supply,"Which products the venue has approved for each job, and the correct dilutions.",,
10mt-09-S3,BHB-10MT-09,COSHH — Safe Use of Chemicals,Venue fact to supply,"Where the PPE is kept, and where the eyewash and first aid kit are.",,
10mt-10-C1,BHB-10MT-10,Cross-Contamination Prevention,Check (law or wording),"colour-coding schemes vary. The trainer gives red for raw meat and green for salad and fruit ""and so on"". Many kitchens also use blue for raw fish, yellow for cooked meat, brown for vegetables and white for dairy and bakery; confirm the venue's scheme.",,
10mt-10-S1,BHB-10MT-10,Cross-Contamination Prevention,Venue fact to supply,"The venue's colour-coding scheme for boards, knives and equipment and where each is kept (your manager will show you).",,
10mt-10-S2,BHB-10MT-10,Cross-Contamination Prevention,Venue fact to supply,Fridge layout and where raw meat and poultry are stored.,,
10mt-10-S3,BHB-10MT-10,Cross-Contamination Prevention,Venue fact to supply,Where the handwash basins and sanitiser are.,,
10mt-11-C1,BHB-10MT-11,Personal Hygiene & Handwashing,Check (law or wording),the 20 second wash time is common guidance rather than a figure in the regulation; confirm it matches the venue food safety management system.,,
10mt-11-C2,BHB-10MT-11,Personal Hygiene & Handwashing,Check (law or wording),"the 48 hours symptom-free rule matches Food Standards Agency guidance for vomiting and diarrhoea; confirm the venue policy says the same, and what applies to other illnesses.",,
10mt-11-S1,BHB-10MT-11,Personal Hygiene & Handwashing,Venue fact to supply,"Where the hand wash basins, soap and paper towels are in each food area",,
10mt-11-S2,BHB-10MT-11,Personal Hygiene & Handwashing,Venue fact to supply,Where blue plasters are kept and who issues them,,
10mt-11-S3,BHB-10MT-11,Personal Hygiene & Handwashing,Venue fact to supply,"The venue rule on jewellery, perfume and uniform for food areas",,
10mt-11-S4,BHB-10MT-11,Personal Hygiene & Handwashing,Venue fact to supply,"Who you tell if you are ill, and how (phone, text or in person)",,
10mt-12-C1,BHB-10MT-12,GDPR & Data Protection,Check (law or wording),the Data (Use and Access) Act 2025 amended parts of UK GDPR (including how requests for information are handled); the trainer does not mention it. Confirm nothing here is out of date.,,
10mt-12-C2,BHB-10MT-12,GDPR & Data Protection,Check (law or wording),the trainer says to report a breach to the General Manager. Confirm the venue procedure also covers telling the Information Commissioner's Office where required; no time limit is stated in the session.,,
10mt-12-C3,BHB-10MT-12,GDPR & Data Protection,Check (law or wording),the trainer says a breach can lead to a large fine. Kept as a general statement with no figure.,,
10mt-12-S1,BHB-10MT-12,GDPR & Data Protection,Venue fact to supply,Who covers if the General Manager is away when a breach happens,,
10mt-12-S2,BHB-10MT-12,GDPR & Data Protection,Venue fact to supply,Where booking sheets and function orders are locked away,,
10mt-12-S3,BHB-10MT-12,GDPR & Data Protection,Venue fact to supply,"Venue rules on screen locking, passwords and personal phones",,
10mt-12-S4,BHB-10MT-12,GDPR & Data Protection,Venue fact to supply,"How a guest asks to see their information, and how it reaches the General Manager",,
10mt-13-C1,BHB-10MT-13,Spotting Drug Use in Customers,Check (law or wording),"the trainer says to refuse alcohol to someone under the influence of drugs. Alcohol must not be sold to a drunk person (Licensing Act 2003, s.141); confirm the venue policy for someone you suspect is on drugs but not drunk.",,
10mt-13-C2,BHB-10MT-13,Spotting Drug Use in Customers,Check (law or wording),"the signs listed (frequent toilet trips, nosebleeds, jitteriness) can have innocent causes, including medical ones. The slides say they are signs to pass to a manager, not proof.",,
10mt-13-S1,BHB-10MT-13,Spotting Drug Use in Customers,Venue fact to supply,Who the Duty Manager is on each shift and how to reach them quietly,,
10mt-13-S2,BHB-10MT-13,Spotting Drug Use in Customers,Venue fact to supply,Where drug-related incidents are recorded,,
10mt-13-S3,BHB-10MT-13,Spotting Drug Use in Customers,Venue fact to supply,"How often toilets are checked, and who does it",,
10mt-13-S4,BHB-10MT-13,Spotting Drug Use in Customers,Venue fact to supply,When the venue involves the police (the manager decides),,
10mt-14-S1,BHB-10MT-14,Manual Handling — Flipping & Turning Mattresses,Venue fact to supply,"Whether the venue uses mattresses with handles, and who to ask for help from",,
10mt-14-S2,BHB-10MT-14,Manual Handling — Flipping & Turning Mattresses,Venue fact to supply,How to report a strain or injury,,
10mt-14-S3,BHB-10MT-14,Manual Handling — Flipping & Turning Mattresses,Venue fact to supply,Which rooms are turned on a regular schedule,,
10mt-15-S1,BHB-10MT-15,Manual Handling — Moving Tables & Furniture,Venue fact to supply,Where trolleys are kept and what each is rated to carry,,
10mt-15-S2,BHB-10MT-15,Manual Handling — Moving Tables & Furniture,Venue fact to supply,The maximum safe stack height for chairs,,
10mt-15-S3,BHB-10MT-15,Manual Handling — Moving Tables & Furniture,Venue fact to supply,Where fire exits and keep-clear walkways are in each function room,,
10mt-16-C1,BHB-10MT-16,Ladder & Step-Ladder Safety,Check (law or wording),"the trainer says to have a colleague ""foot"" the ladder for higher or awkward tasks. HSE guidance prefers to secure (tie) a ladder, and footing is a fallback where tying is not possible; confirm the venue wording.",,
10mt-16-C2,BHB-10MT-16,Ladder & Step-Ladder Safety,Check (law or wording),"the trainer says ladders suit ""short, light jobs"". HSE guidance describes ladders as low-risk, short-duration equipment, with a duration given in guidance; no figure is quoted here, so confirm what the venue wants stated.",,
10mt-16-C3,BHB-10MT-16,Ladder & Step-Ladder Safety,Check (law or wording),"""surprising number of serious workplace falls"" is the trainer's claim and no statistic is repeated.",,
10mt-16-S1,BHB-10MT-16,Ladder & Step-Ladder Safety,Venue fact to supply,"Where ladders, step-ladders and any platforms or towers are kept",,
10mt-16-S2,BHB-10MT-16,Ladder & Step-Ladder Safety,Venue fact to supply,Who is trained or authorised to use them for each task,,
10mt-16-S3,BHB-10MT-16,Ladder & Step-Ladder Safety,Venue fact to supply,How to take a faulty ladder out of service and who to report it to,,
10mt-17-C1,BHB-10MT-17,Visual Checks of Electrical Items,Check (law or wording),"the trainer teaches user visual checks only. The session does not mention formal inspection or portable appliance testing, which is the venue's decision on risk; confirm the venue policy.",,
10mt-17-S1,BHB-10MT-17,Visual Checks of Electrical Items,Venue fact to supply,"Where ""out of use"" labels are kept",,
10mt-17-S2,BHB-10MT-17,Visual Checks of Electrical Items,Venue fact to supply,Who is the competent person to report faulty equipment to,,
10mt-17-S3,BHB-10MT-17,Visual Checks of Electrical Items,Venue fact to supply,"How the venue records formal testing of portable appliances, if it does",,
10mt-18-S1,BHB-10MT-18,Clean As You Go,Venue fact to supply,Which sanitiser and cloths each area uses,,
10mt-18-S2,BHB-10MT-18,Clean As You Go,Venue fact to supply,"Where waste, recycling and linen go during service",,
10mt-18-S3,BHB-10MT-18,Clean As You Go,Venue fact to supply,Who covers the end-of-service clean in each area,,
10mt-19-C1,BHB-10MT-19,"Temperature Control — Cook, Chill, Hold",Check (law or wording),the trainer gives the danger zone as roughly 8°C to 63°C. FSA guidance describes it as roughly 5°C to 63°C. The 8°C figure is the legal maximum for chilled food. Kept as the trainer says.,,
10mt-19-C2,BHB-10MT-19,"Temperature Control — Cook, Chill, Hold",Check (law or wording),"the trainer gives 75°C as a ""common target"" core temperature. FSA guidance describes 70°C for 2 minutes (or equivalent) as the standard; 75°C is a common venue target. Confirm the venue figure.",,
10mt-19-C3,BHB-10MT-19,"Temperature Control — Cook, Chill, Hold",Check (law or wording),"cooling ""ideally within about 90 minutes"" is industry guidance rather than a legal figure; confirm it matches the venue procedure.",,
10mt-19-C4,BHB-10MT-19,"Temperature Control — Cook, Chill, Hold",Check (law or wording),"hot food held at 63°C or above has limited legal exceptions (for example, short service periods); none are taught here.",,
10mt-19-S1,BHB-10MT-19,"Temperature Control — Cook, Chill, Hold",Venue fact to supply,Which probe thermometers are used and how they are calibrated and cleaned,,
10mt-19-S2,BHB-10MT-19,"Temperature Control — Cook, Chill, Hold",Venue fact to supply,Where temperature records are kept and who checks them,,
10mt-19-S3,BHB-10MT-19,"Temperature Control — Cook, Chill, Hold",Venue fact to supply,The venue's cooling method and where cooked food is chilled,,
10mt-19-S4,BHB-10MT-19,"Temperature Control — Cook, Chill, Hold",Venue fact to supply,Who you report a warm fridge or undercooked food to,,
10mt-20-C1,BHB-10MT-20,Fridge & Freezer / Cold Chain Checks,Check (law or wording),"the trainer says fridges run at 5°C or below. The legal maximum for chilled food is 8°C, and 5°C is the usual venue target (as in the temperature control session); confirm the venue figure.",,
10mt-20-C2,BHB-10MT-20,Fridge & Freezer / Cold Chain Checks,Check (law or wording),freezers at -18°C or below is standard good practice for frozen food rather than a general legal figure; confirm the venue figure.,,
10mt-20-S1,BHB-10MT-20,Fridge & Freezer / Cold Chain Checks,Venue fact to supply,Where fridge and freezer temperature records are kept and who signs them,,
10mt-20-S2,BHB-10MT-20,Fridge & Freezer / Cold Chain Checks,Venue fact to supply,"Which units serve which areas, and where the thermometers are",,
10mt-20-S3,BHB-10MT-20,Fridge & Freezer / Cold Chain Checks,Venue fact to supply,"Who you report a warm unit to, and what happens to the food",,
10mt-20-S4,BHB-10MT-20,Fridge & Freezer / Cold Chain Checks,Venue fact to supply,Delivery put-away routine for chilled and frozen items,,
10mt-21-C1,BHB-10MT-21,Complaint Handling,Check (law or wording),"the trainer says research ""consistently shows"" a well-handled complaint can leave a guest more loyal. This is a widely quoted service-recovery finding, but the trainer gives no source, and the slides state it without citing a study.",,
10mt-21-C2,BHB-10MT-21,Complaint Handling,Check (law or wording),"allergic reactions, illness and injury must go to the Duty Manager; confirm the venue also expects these to be recorded (accident book, allergen incident log) after the guest has been looked after.",,
10mt-21-S1,BHB-10MT-21,Complaint Handling,Venue fact to supply,Who the Duty Manager is on each shift and how to reach them quickly,,
10mt-21-S2,BHB-10MT-21,Complaint Handling,Venue fact to supply,What staff are allowed to put right themselves (for example replacing a dish) before a manager is needed,,
10mt-22-S1,BHB-10MT-22,10 Steps to Great Customer Service,Venue fact to supply,"Greeting and farewell wording the venue prefers, if it has a house style",,
10mt-22-S2,BHB-10MT-22,10 Steps to Great Customer Service,Venue fact to supply,Where menu and daily specials information is kept so staff can brush up before service,,
10mt-23-C1,BHB-10MT-23,Spotting Child Sexual Exploitation (CSE),Check (law or wording),"the trainer sends every concern to the Duty Manager, who decides what happens next. Confirm the venue has a named safeguarding lead and a clear route to the police (101) and children's services, so the Duty Manager is not left to decide alone.",,
10mt-23-C2,BHB-10MT-23,Spotting Child Sexual Exploitation (CSE),Check (law or wording),"the trainer lists warning signs only in outline (adult booking a room with an anxious or controlled young person, secrecy, little control over money, phone or movements). Confirm they match current guidance, such as that from the police and the NSPCC, before relying on the list.",,
10mt-23-C3,BHB-10MT-23,Spotting Child Sexual Exploitation (CSE),Check (law or wording),the trainer says to keep concerns confidential. Confirm the venue also tells staff that confidentiality never stops a safeguarding report being passed to the Duty Manager or the police.,,
10mt-23-S1,BHB-10MT-23,Spotting Child Sexual Exploitation (CSE),Venue fact to supply,"Who the Duty Manager is on each shift and how to reach them, including late at night",,
10mt-23-S2,BHB-10MT-23,Spotting Child Sexual Exploitation (CSE),Venue fact to supply,Whether the venue has a named safeguarding lead and a written reporting route beyond the Duty Manager,,
10mt-23-S3,BHB-10MT-23,Spotting Child Sexual Exploitation (CSE),Venue fact to supply,Where concerns are recorded and who is allowed to see the record,,
10mt-24-C1,BHB-10MT-24,Bullying & Harassment,Check (law or wording),"bullying has no single legal definition in England; the trainer's wording (""offensive, intimidating, malicious or humiliating"") follows the ACAS description. Harassment under the Equality Act must relate to a protected characteristic, so the trainer's general wording is wider than the legal test.",,
10mt-24-C2,BHB-10MT-24,Bullying & Harassment,Check (law or wording),"the trainer says bullying and harassment have no place ""even from a guest"". Employer liability for harassment by guests and other third parties has been changing under the Employment Rights Act 2025; confirm what applies in October 2026 and that the venue's policy matches.",,
10mt-24-C3,BHB-10MT-24,Bullying & Harassment,Check (law or wording),the trainer says concerns are handled confidentially and without anyone being treated badly. Confirm the venue's grievance procedure and any anti-victimisation wording are written down and match the ACAS Code of Practice on disciplinary and grievance procedures.,,
10mt-24-S1,BHB-10MT-24,Bullying & Harassment,Venue fact to supply,"Who staff can go to first to raise a concern, and how to reach them",,
10mt-24-S2,BHB-10MT-24,Bullying & Harassment,Venue fact to supply,Where the grievance procedure is kept and who looks after it,,
10mt-24-S3,BHB-10MT-24,Bullying & Harassment,Venue fact to supply,Whether there is a confidential route when the concern is about the person's own manager,,
10mt-25-C1,BHB-10MT-25,Sexual Harassment in the Workplace,Check (law or wording),"the trainer says employers must take ""reasonable steps"" to prevent sexual harassment, including by guests. From October 2026 the Employment Rights Act 2025 is expected to raise this to ""all reasonable steps"" and to strengthen protection for harassment by third parties. Confirm the wording and the date before the session is relied on.",,
10mt-25-C2,BHB-10MT-25,Sexual Harassment in the Workplace,Check (law or wording),"the trainer says no one will be victimised for raising a genuine concern (Equality Act 2010, section 27). Confirm the venue has a written policy, a named person to report to and a record of the steps it takes.",,
10mt-25-S1,BHB-10MT-25,Sexual Harassment in the Workplace,Venue fact to supply,"Who to report to on each shift, including late at night at events and weddings",,
10mt-25-S2,BHB-10MT-25,Sexual Harassment in the Workplace,Venue fact to supply,Where the venue's sexual harassment policy and risk assessment are kept,,
10mt-25-S3,BHB-10MT-25,Sexual Harassment in the Workplace,Venue fact to supply,"What a manager does when a guest is the problem (for example speaking to the guest, moving them, or asking them to leave)",,
10mt-26-C1,BHB-10MT-26,Equality & Diversity,Check (law or wording),"the trainer's definition of indirect discrimination (""a rule or practice that unfairly disadvantages a particular group"") is simplified. In law it is a provision, criterion or practice that puts people sharing a protected characteristic at a particular disadvantage, and that the employer or provider cannot justify. Confirm the simplified wording is acceptable for staff.",,
10mt-26-S1,BHB-10MT-26,Equality & Diversity,Venue fact to supply,"Who handles reasonable adjustment requests from guests, and what the venue can offer (for example large-print or read-aloud menus, step-free tables)",,
10mt-26-S2,BHB-10MT-26,Equality & Diversity,Venue fact to supply,"Where staff report discrimination, and who to go to if the concern involves a manager",,
10mt-26-S3,BHB-10MT-26,Equality & Diversity,Venue fact to supply,The venue's equality and diversity policy and where staff can read it,,
10mt-27-C1,BHB-10MT-27,The Perfect Serve (Bar),Check (law or wording),"the trainer says measuring spirits correctly is a legal requirement. It is for spirits sold by the measure (the measure sizes sold must be displayed and prescribed quantities used for some spirits), but not every drink or every cocktail is covered. Confirm the venue's measures and notices, and that wine is offered in the required sizes.",,
10mt-27-C2,BHB-10MT-27,The Perfect Serve (Bar),Check (law or wording),the trainer treats a chipped glass as a safety issue to be binned. Confirm the venue's broken and chipped glass procedure matches.,,
10mt-27-S1,BHB-10MT-27,The Perfect Serve (Bar),Venue fact to supply,The venue's standard glass and garnish for each drink (the drinks spec),,
10mt-27-S2,BHB-10MT-27,The Perfect Serve (Bar),Venue fact to supply,"Which spirit and wine measures the venue uses, and where the measures are displayed",,
10mt-27-S3,BHB-10MT-27,The Perfect Serve (Bar),Venue fact to supply,How cask ales are kept and how long they settle before serving,,
10mt-27-S4,BHB-10MT-27,The Perfect Serve (Bar),Venue fact to supply,Who to tell about a cloudy beer or a possible line or cellar fault,,
10mt-28-C1,BHB-10MT-28,Cellar Safety & CO2 Awareness,Check (law or wording),"the trainer does not say the venue's alarm must be tested and maintained, or that cylinder changes need trained, authorised staff. Confirm the venue's CO2 detector is installed, tested and serviced on a schedule, and who is authorised to change cylinders.",,
10mt-28-C2,BHB-10MT-28,Cellar Safety & CO2 Awareness,Check (law or wording),"the trainer treats ""if the alarm sounds, do not go in"" as the rule. Confirm the venue has a written emergency procedure for a collapsed person in the cellar (call 999, do not enter to rescue) and that staff have been told it.",,
10mt-28-S1,BHB-10MT-28,Cellar Safety & CO2 Awareness,Venue fact to supply,"Where the cellar gas alarm is, what it sounds like and who to tell when it goes off",,
10mt-28-S2,BHB-10MT-28,Cellar Safety & CO2 Awareness,Venue fact to supply,"The correct procedure for changing gas cylinders here, and who is trained to do it",,
10mt-28-S3,BHB-10MT-28,Cellar Safety & CO2 Awareness,Venue fact to supply,Where the cellar vents are and the rule for keeping the cellar door open or closed,,
10mt-28-S4,BHB-10MT-28,Cellar Safety & CO2 Awareness,Venue fact to supply,"Who to report a gas leak or damaged cylinder to, and the out-of-hours contact",,
10mt-29-C1,BHB-10MT-29,Working at Height,Check (law or wording),"the trainer says falls from height are the single biggest cause of workplace deaths in the UK, and cause thousands of serious injuries. HSE statistics have long listed falls from height as the biggest cause of fatal workplace injuries; confirm the latest HSE annual figures before this wording is relied on.",,
10mt-29-C2,BHB-10MT-29,Working at Height,Check (law or wording),"the trainer is for maintenance and housekeeping staff. Confirm the venue has rules on who may use towers and platforms, and on who inspects ladders and steps.",,
10mt-29-S1,BHB-10MT-29,Working at Height,Venue fact to supply,"What access equipment the venue has (step-ladders, platform steps, towers) and where it is kept",,
10mt-29-S2,BHB-10MT-29,Working at Height,Venue fact to supply,"Who is allowed to use the higher equipment, and who inspects it",,
10mt-29-S3,BHB-10MT-29,Working at Height,Venue fact to supply,Who to report unsafe access or damaged equipment to,,
10mt-30-C1,BHB-10MT-30,Minor Maintenance: Changing Lightbulbs,Check (law or wording),"the trainer says some bulbs, such as fluorescent tubes, need special disposal. Confirm which types the venue uses and the correct waste route (for example separate collection for fluorescent tubes).",,
10mt-30-C2,BHB-10MT-30,Minor Maintenance: Changing Lightbulbs,Check (law or wording),"the trainer says to isolate the light ""where you can"". Confirm who is competent to isolate a circuit at the venue, and that staff are not expected to touch wiring or open fittings beyond swapping a bulb.",,
10mt-30-S1,BHB-10MT-30,Minor Maintenance: Changing Lightbulbs,Venue fact to supply,"Who is allowed to change bulbs, and which fittings (high ceilings, specialist fittings) are for maintenance only",,
10mt-30-S2,BHB-10MT-30,Minor Maintenance: Changing Lightbulbs,Venue fact to supply,"Where step-ladders are kept, and where spare bulbs of the correct type are stored",,
10mt-30-S3,BHB-10MT-30,Minor Maintenance: Changing Lightbulbs,Venue fact to supply,"Who in maintenance to report a damaged, scorched or loose fitting to",,
10mt-30-S4,BHB-10MT-30,Minor Maintenance: Changing Lightbulbs,Venue fact to supply,How old bulbs and fluorescent tubes are disposed of here,,
10mt-31-C1,BHB-10MT-31,Preventing Burns & Scalds,Check (law or wording),"the trainer says cool a burn under cool running water for at least 20 minutes. This matches current NHS and St John Ambulance first aid advice, but please confirm it matches your first aid provider's training.",,
10mt-31-S1,BHB-10MT-31,Preventing Burns & Scalds,Venue fact to supply,Where the first aid kit is kept in the kitchen,,
10mt-31-S2,BHB-10MT-31,Preventing Burns & Scalds,Venue fact to supply,Who the first aiders are on each shift,,
10mt-31-S3,BHB-10MT-31,Preventing Burns & Scalds,Venue fact to supply,Where hot oil and fryer procedures are written down,,
10mt-32-C1,BHB-10MT-32,Wet Floor & Spillage Management,Check (law or wording),"the trainer says slips are ""the most common accident in our industry"". HSE reports slips and trips as the most common cause of major injury across all workplaces, but the hospitality claim is not verified here. The slides say ""one of the biggest causes"" only.",,
10mt-32-S1,BHB-10MT-32,Wet Floor & Spillage Management,Venue fact to supply,"Where wet floor signs, mops, absorbent and spill kits are kept",,
10mt-32-S2,BHB-10MT-32,Wet Floor & Spillage Management,Venue fact to supply,"The correct clean-up method and kit for oil, grease and broken glass",,
10mt-32-S3,BHB-10MT-32,Wet Floor & Spillage Management,Venue fact to supply,Who to report recurring wet spots to on each shift,,
10mt-33-C1,BHB-10MT-33,Bomb Threat & Suspicious Packages,Check (law or wording),"Martyn's Law (the Terrorism (Protection of Premises) Act 2025) places new duties on venues, depending on capacity, with a phased start. Please confirm whether and when it applies to the venue and whether this trainer needs updating.",,
10mt-33-C2,BHB-10MT-33,Bomb Threat & Suspicious Packages,Check (law or wording),"police advice on suspicious items is often summarised as HOT (Hidden, Obviously suspicious, Typical). The trainer's ""do not touch"" and alert-the-Duty-Manager approach is taught as written; confirm it matches current counter-terrorism guidance.",,
10mt-33-S1,BHB-10MT-33,Bomb Threat & Suspicious Packages,Venue fact to supply,Who the Duty Manager is on each shift and how to reach them quickly,,
10mt-33-S2,BHB-10MT-33,Bomb Threat & Suspicious Packages,Venue fact to supply,Where a pen and paper or a threat call checklist is kept near the main phones,,
10mt-33-S3,BHB-10MT-33,Bomb Threat & Suspicious Packages,Venue fact to supply,How the Duty Manager will signal an evacuation,,
10mt-34-C1,BHB-10MT-34,"Security & Lockdown — Run, Hide, Tell",Check (law or wording),"Run, Hide, Tell is the national police and counter-terrorism advice and is taught as the trainer states it. Please confirm it is still the current wording.",,
10mt-34-C2,BHB-10MT-34,"Security & Lockdown — Run, Hide, Tell",Check (law or wording),Martyn's Law (Terrorism (Protection of Premises) Act 2025) may place duties on the venue depending on capacity. Confirm whether and when it applies.,,
10mt-34-S1,BHB-10MT-34,"Security & Lockdown — Run, Hide, Tell",Venue fact to supply,"Likely escape routes and safe places to hide from each area of the venue, including the marquee",,
10mt-34-S2,BHB-10MT-34,"Security & Lockdown — Run, Hide, Tell",Venue fact to supply,Which doors can be locked or barricaded from the inside,,
10mt-34-S3,BHB-10MT-34,"Security & Lockdown — Run, Hide, Tell",Venue fact to supply,How staff are told of a lockdown,,
10mt-35-C1,BHB-10MT-35,First Aid Awareness,Check (law or wording),"for choking the trainer says encourage coughing, then back blows and abdominal thrusts if trained. Current first aid guidance is back blows first, then abdominal thrusts; confirm with your first aid provider.",,
10mt-35-C2,BHB-10MT-35,First Aid Awareness,Check (law or wording),"burn cooling, firm direct pressure for heavy bleeding, and 999 plus CPR for someone unresponsive and not breathing normally match current NHS and Resuscitation Council advice, but please confirm with your first aid trainer.",,
10mt-35-S1,BHB-10MT-35,First Aid Awareness,Venue fact to supply,Where each first aid kit is kept,,
10mt-35-S2,BHB-10MT-35,First Aid Awareness,Venue fact to supply,Who the first aiders are on each shift,,
10mt-35-S3,BHB-10MT-35,First Aid Awareness,Venue fact to supply,Where and how incidents and first aid are recorded,,
10mt-36-C1,BHB-10MT-36,Date Labelling & Stock Rotation (FIFO),Check (law or wording),"the trainer says serving food past its use-by date is ""breaking the law"". This is broadly correct (food past its use-by is treated as unsafe and must not be sold), but confirm you are happy with the wording.",,
10mt-36-S1,BHB-10MT-36,Date Labelling & Stock Rotation (FIFO),Venue fact to supply,The venue's labelling system and what must go on a label,,
10mt-36-S2,BHB-10MT-36,Date Labelling & Stock Rotation (FIFO),Venue fact to supply,Where and how discarded food is recorded,,
10mt-36-S3,BHB-10MT-36,Date Labelling & Stock Rotation (FIFO),Venue fact to supply,Who the supervisor is on each shift,,
10mt-37-C1,BHB-10MT-37,Pest Awareness,Check (law or wording),No  items found. Confirm the pest control arrangements named in siteNotes.,,
10mt-37-S1,BHB-10MT-37,Pest Awareness,Venue fact to supply,The pest control contractor and how to contact them,,
10mt-37-S2,BHB-10MT-37,Pest Awareness,Venue fact to supply,Who to report pest signs to on each shift,,
10mt-37-S3,BHB-10MT-37,Pest Awareness,Venue fact to supply,"Where bin areas and external doors are, and how they are checked",,
10mt-38-C1,BHB-10MT-38,"Waste, Recycling & Broken Glass",Check (law or wording),No  items found.,,
10mt-38-S1,BHB-10MT-38,"Waste, Recycling & Broken Glass",Venue fact to supply,Where the broken-glass bins and containers are kept,,
10mt-38-S2,BHB-10MT-38,"Waste, Recycling & Broken Glass",Venue fact to supply,"Where each waste stream goes: general, mixed recycling, glass and used cooking oil",,
10mt-38-S3,BHB-10MT-38,"Waste, Recycling & Broken Glass",Venue fact to supply,"Where the brush and dustpan, and the ice scoop, are kept behind the bar",,
10mt-39-C1,BHB-10MT-39,PPE — Personal Protective Equipment,Check (law or wording),the trainer says PPE is the last line of defence after reducing the hazard. This matches the hierarchy of controls and the Personal Protective Equipment at Work Regulations 1992 (employer provides PPE free where risks remain). Please confirm the venue provides PPE free of charge.,,
10mt-39-C2,BHB-10MT-39,PPE — Personal Protective Equipment,Check (law or wording),"the trainer lists non-slip footwear as PPE. Slip-resistant footwear is often provided as PPE in hospitality, but whether it counts as PPE depends on whether the employer requires it for the work; please confirm the venue's position.",,
10mt-39-S1,BHB-10MT-39,PPE — Personal Protective Equipment,Venue fact to supply,What PPE is issued for each department and where it is kept,,
10mt-39-S2,BHB-10MT-39,PPE — Personal Protective Equipment,Venue fact to supply,"Who to report damaged, worn out or missing PPE to",,
10mt-39-S3,BHB-10MT-39,PPE — Personal Protective Equipment,Venue fact to supply,"Which tasks need cut-resistant gloves, chemical gloves or eye protection",,
10mt-40-C1,BHB-10MT-40,Telephone & Enquiry Handling,Check (law or wording),taking callers' names and numbers involves personal data. Confirm the venue's data protection practice (see the data-protection session) covers how enquiry details are logged and kept.,,
10mt-40-S1,BHB-10MT-40,Telephone & Enquiry Handling,Venue fact to supply,The venue's standard phone greeting,,
10mt-40-S2,BHB-10MT-40,Telephone & Enquiry Handling,Venue fact to supply,Where wedding and event enquiries are logged,,
10mt-40-S3,BHB-10MT-40,Telephone & Enquiry Handling,Venue fact to supply,Who handles call-backs for each type of enquiry and how quickly,,
10mt-41-S1,BHB-10MT-41,Welcoming & Seating Guests,Venue fact to supply,How bookings are checked (system or book) and where accessible tables and highchairs are,,
10mt-41-S2,BHB-10MT-41,Welcoming & Seating Guests,Venue fact to supply,Which specials are mentioned at the table each service,,
10mt-42-S1,BHB-10MT-42,Handling Difficult Customers,Venue fact to supply,Who the duty manager is on each shift and how to call them quickly,,
10mt-42-S2,BHB-10MT-42,Handling Difficult Customers,Venue fact to supply,What a front-line team member is allowed to offer to put things right,,
10mt-43-C1,BHB-10MT-43,Table Service Standards,Check (law or wording),"serve from the left, clear and pour from the right is traditional service etiquette, stated in the trainer as a general rule rather than a legal requirement; confirm it matches the venue's house style.",,
10mt-43-S1,BHB-10MT-43,Table Service Standards,Venue fact to supply,Whether the venue's house style differs from the general serving and clearing rule,,
10mt-43-S2,BHB-10MT-43,Table Service Standards,Venue fact to supply,Tray and plate-carrying standards used at the venue,,
10mt-44-S1,BHB-10MT-44,Upselling & Suggestive Selling,Venue fact to supply,"Current specials, signature dishes and wine pairings the team should know",,
10mt-45-S1,BHB-10MT-45,Wedding & Event Day Excellence,Venue fact to supply,Where the running order and special requests are kept for each event,,
10mt-45-S2,BHB-10MT-45,Wedding & Event Day Excellence,Venue fact to supply,Who leads the event team on the day,,
10mt-46-C1,BHB-10MT-46,Responsible Alcohol Service & Spotting Intoxication,Check (law or wording),"the trainer's ""record any refusal in the log"" is venue practice rather than a legal requirement; confirm the venue keeps a refusals log and where.",,
10mt-46-C2,BHB-10MT-46,Responsible Alcohol Service & Spotting Intoxication,Check (law or wording),"the trainer says ""protects our licence""; confirm the venue is content with this wording alongside its premises licence conditions.",,
10mt-46-S1,BHB-10MT-46,Responsible Alcohol Service & Spotting Intoxication,Venue fact to supply,Where the refusals log is kept and how an entry is written,,
10mt-46-S2,BHB-10MT-46,Responsible Alcohol Service & Spotting Intoxication,Venue fact to supply,How taxis are arranged for guests at the venue,,
10mt-46-S3,BHB-10MT-46,Responsible Alcohol Service & Spotting Intoxication,Venue fact to supply,Who the duty manager is on each shift,,
10mt-47-C1,BHB-10MT-47,Lone Working Safety,Check (law or wording),No  items. The trainer correctly says lone working is not banned.,,
10mt-47-S1,BHB-10MT-47,Lone Working Safety,Venue fact to supply,"Who to tell, and how to check in, when opening or closing alone",,
10mt-47-S2,BHB-10MT-47,Lone Working Safety,Venue fact to supply,"How help is raised quickly at each site (phone, alarm, nearest colleague)",,
10mt-47-S3,BHB-10MT-47,Lone Working Safety,Venue fact to supply,Which tasks are not to be done alone,,
10mt-48-C1,BHB-10MT-48,Gas Safety Awareness,Check (law or wording),"the trainer lists ventilate, turn off at the valve, evacuate and call. Gas network advice is to call from outside the building and not to operate any electrical switch, including doorbells, so please confirm the venue's agreed order of actions and that the evacuation point is known.",,
10mt-48-C2,BHB-10MT-48,Gas Safety Awareness,Check (law or wording),"carbon monoxide warning signs (yellow or orange flames, soot) are stated as in the trainer; confirm the venue has carbon monoxide alarms where needed.",,
10mt-48-S1,BHB-10MT-48,Gas Safety Awareness,Venue fact to supply,Where the gas shut-off valves and the meter are in each kitchen and building,,
10mt-48-S2,BHB-10MT-48,Gas Safety Awareness,Venue fact to supply,"Whether there is an emergency gas shut-off or interlock for the kitchen, and where it is",,
10mt-48-S3,BHB-10MT-48,Gas Safety Awareness,Venue fact to supply,Who to report appliance faults to,,
10mt-49-C1,BHB-10MT-49,Safe Stacking & Storage,Check (law or wording),"No  items; the trainer's heavy-low, light-high advice matches standard manual handling guidance.",,
10mt-49-S1,BHB-10MT-49,Safe Stacking & Storage,Venue fact to supply,Where steps and kick stools are kept in each store,,
10mt-49-S2,BHB-10MT-49,Safe Stacking & Storage,Venue fact to supply,Shelf load ratings where known,,
10mt-49-S3,BHB-10MT-49,Safe Stacking & Storage,Venue fact to supply,Which exits and routes must never be blocked in each store,,
10mt-50-C1,BHB-10MT-50,DSE — Office Workstation Setup,Check (law or wording),"the trainer's answer sheet for question 4 marks ""Raised high"" as correct, which contradicts the trainer text (forearms roughly horizontal). This session uses ""Roughly horizontal"" as the right answer; please confirm the answer sheet is a typo.",,
10mt-50-S1,BHB-10MT-50,DSE — Office Workstation Setup,Venue fact to supply,Who arranges a workstation assessment and how to ask for one,,
10mt-50-S2,BHB-10MT-50,DSE — Office Workstation Setup,Venue fact to supply,Whether footrests and other equipment are available,,
10mt-51-S1,BHB-10MT-51,How to be a Great Team,Venue fact to supply,"How each department passes heads-ups to the others on a shift (radio, handover, huddle)",,
10mt-51-S2,BHB-10MT-51,How to be a Great Team,Venue fact to supply,Who to speak to if a colleague seems to be struggling,,
10mt-52-S1,BHB-10MT-52,Conflict De-escalation,Venue fact to supply,Who the duty manager is on each shift and how to reach them quickly,,
10mt-52-S2,BHB-10MT-52,Conflict De-escalation,Venue fact to supply,Where staff should withdraw to when a situation turns unsafe,,
10mt-53-C1,BHB-10MT-53,Deep Fat Fryer & Hot Oil Safety,Check (law or wording),"the trainer says to smother a fryer fire with a fire blanket. Confirm this matches the venue's fire risk assessment, and whether the kitchens also have wet chemical extinguishers and who is trained on them.",,
10mt-53-S1,BHB-10MT-53,Deep Fat Fryer & Hot Oil Safety,Venue fact to supply,Where the fire blanket and nearest extinguishers are in each kitchen,,
10mt-53-S2,BHB-10MT-53,Deep Fat Fryer & Hot Oil Safety,Venue fact to supply,The venue's fryer cleaning and oil-filtering routine and who does it,,
10mt-53-S3,BHB-10MT-53,Deep Fat Fryer & Hot Oil Safety,Venue fact to supply,The fire alarm call points and evacuation route from the kitchen,,
10mt-54-C1,BHB-10MT-54,Legionella & Water Hygiene Awareness,Check (law or wording),the trainer gives hot water above 50°C and cold water below 20°C. HSE guidance gives hot water at 50°C or above at outlets (stored at 60°C or above) and cold below 20°C; confirm against the venue's own risk assessment.,,
10mt-54-C2,BHB-10MT-54,Legionella & Water Hygiene Awareness,Check (law or wording),"the trainer gives roughly 20°C to 45°C as the growth range, which matches HSE; confirm the venue wording.",,
10mt-54-C3,BHB-10MT-54,Legionella & Water Hygiene Awareness,Check (law or wording),"the trainer says people catch it by breathing in droplets, not by drinking the water. HSE notes that inhaling droplets is the usual route; confirm the wording is acceptable.",,
10mt-54-S1,BHB-10MT-54,Legionella & Water Hygiene Awareness,Venue fact to supply,Who is responsible for the water risk assessment and temperature checks,,
10mt-54-S2,BHB-10MT-54,Legionella & Water Hygiene Awareness,Venue fact to supply,How and when little-used rooms and outlets are flushed and recorded,,
10mt-54-S3,BHB-10MT-54,Legionella & Water Hygiene Awareness,Venue fact to supply,Who in maintenance to report water warning signs to,,
10mt-54-S4,BHB-10MT-54,Legionella & Water Hygiene Awareness,Venue fact to supply,Whether and how the hot tub water is tested and treated,,
10mt-55-C1,BHB-10MT-55,Norovirus & Sickness Reporting,Check (law or wording),"the trainer says alcohol gel does not reliably kill norovirus, which matches NHS and FSA advice; confirm the venue sickness policy matches.",,
10mt-55-S1,BHB-10MT-55,Norovirus & Sickness Reporting,Venue fact to supply,Who to call and how to report sickness before a shift,,
10mt-55-S2,BHB-10MT-55,Norovirus & Sickness Reporting,Venue fact to supply,"The venue's sickness clean-up kit, where it is kept and what disinfectant it contains",,
10mt-55-S3,BHB-10MT-55,Norovirus & Sickness Reporting,Venue fact to supply,Who confirms staff are clear to return to food work after 48 hours symptom-free,,
10mt-56-C1,BHB-10MT-56,Blood & Bodily Fluids / Sharps Safety,Check (law or wording),"the trainer says to encourage a puncture wound to bleed. Current NHS and UKHSA first aid for a needlestick is to wash with soap and running water, and not to suck or scrub the wound; confirm the venue is happy with ""encourage it to bleed gently"".",,
10mt-56-C2,BHB-10MT-56,Blood & Bodily Fluids / Sharps Safety,Check (law or wording),"the trainer says to use a ""tool or a sharps container, or a brush and pan"". Confirm the venue procedure for picking up found needles, as many sites ask staff not to handle them at all and to call a trained person.",,
10mt-56-S1,BHB-10MT-56,Blood & Bodily Fluids / Sharps Safety,Venue fact to supply,"Where the bodily-fluid spill kits, gloves and sharps bins are kept",,
10mt-56-S2,BHB-10MT-56,Blood & Bodily Fluids / Sharps Safety,Venue fact to supply,"Who to report a sharps find or injury to, and how it is recorded",,
10mt-56-S3,BHB-10MT-56,Blood & Bodily Fluids / Sharps Safety,Venue fact to supply,Where staff get prompt medical advice after a needlestick or splash,,
10mt-57-C1,BHB-10MT-57,Severe Bleeding: What To Do,Check (law or wording),"the trainer says to lay a person in shock down and keep them warm. Current first aid guidance is to lay them down with legs raised if possible; the trainer does not mention raising legs, so it is left out. Confirm this suits the venue.",,
10mt-57-C2,BHB-10MT-57,Severe Bleeding: What To Do,Check (law or wording),"the trainer says ""grounds machinery"" as one cause. Confirm the venue is happy to name it, as it is for the Maintenance team.",,
10mt-57-S1,BHB-10MT-57,Severe Bleeding: What To Do,Venue fact to supply,Where the first aid kits and any bleed-control kit are kept,,
10mt-57-S2,BHB-10MT-57,Severe Bleeding: What To Do,Venue fact to supply,Who the trained first aiders are on each shift,,
10mt-57-S3,BHB-10MT-57,Severe Bleeding: What To Do,Venue fact to supply,"Which staff are trained to use a trauma dressing or tourniquet, if any",,
10mt-57-S4,BHB-10MT-57,Severe Bleeding: What To Do,Venue fact to supply,How to book the venue's first aid training,,
10mt-58-C1,BHB-10MT-58,Grounds & Powered Equipment Safety,Check (law or wording),"the trainer says chainsaws need ""proper certificated training"". Confirm the venue's requirement (for example NPTC or Lantra chainsaw certificates) and who holds them.",,
10mt-58-C2,BHB-10MT-58,Grounds & Powered Equipment Safety,Check (law or wording),"the trainer lists typical PPE (eye protection, ear defenders, gloves, boots, close-fitting clothing, chainsaw trousers). Confirm the exact kit required for each machine in the venue's risk assessment.",,
10mt-58-S1,BHB-10MT-58,Grounds & Powered Equipment Safety,Venue fact to supply,Which grounds machines each person is trained and authorised to use,,
10mt-58-S2,BHB-10MT-58,Grounds & Powered Equipment Safety,Venue fact to supply,"Where PPE, including eye protection and ear defenders, is kept",,
10mt-58-S3,BHB-10MT-58,Grounds & Powered Equipment Safety,Venue fact to supply,"Who to report faulty machines to, and how they are taken out of use",,
10mt-58-S4,BHB-10MT-58,Grounds & Powered Equipment Safety,Venue fact to supply,Where fuel is stored and where refuelling is done,,
10mt-59-C1,BHB-10MT-59,"Deliveries, Vehicles & Car Park Safety",Check (law or wording),"the trainer mentions a ""banksman"". Confirm whether the venue has a banksman arrangement or relies on reversing aids.",,
10mt-59-S1,BHB-10MT-59,"Deliveries, Vehicles & Car Park Safety",Venue fact to supply,"Where vehicles unload, the marked walkways and any banksman arrangements",,
10mt-59-S2,BHB-10MT-59,"Deliveries, Vehicles & Car Park Safety",Venue fact to supply,Where the car park and delivery area are poorly lit or uneven,,
10mt-59-S3,BHB-10MT-59,"Deliveries, Vehicles & Car Park Safety",Venue fact to supply,Where high-visibility clothing is kept,,
10mt-59-S4,BHB-10MT-59,"Deliveries, Vehicles & Car Park Safety",Venue fact to supply,Which routes and ramps to treat with extra care with cages and trolleys,,
10mt-60-C1,BHB-10MT-60,Mental Health & Wellbeing at Work,Check (law or wording),confirm 116 123 is still the Samaritans free number and that it is open day and night.,,
10mt-60-S1,BHB-10MT-60,Mental Health & Wellbeing at Work,Venue fact to supply,"Who staff can speak to at the venue about wellbeing, and how to arrange a private chat",,
10mt-60-S2,BHB-10MT-60,Mental Health & Wellbeing at Work,Venue fact to supply,Whether the venue has an employee assistance line or wellbeing support,,
10mt-60-S3,BHB-10MT-60,Mental Health & Wellbeing at Work,Venue fact to supply,Break arrangements and where staff can take them,,
10mt-61-S1,BHB-10MT-61,New & Expectant Mothers at Work,Venue fact to supply,"Where a colleague can rest or express milk in private, and how to ask for it",,
10mt-61-S2,BHB-10MT-61,New & Expectant Mothers at Work,Venue fact to supply,Which manager carries out the specific risk assessment in each department,,
10mt-62-S1,BHB-10MT-62,"Buffets, Carveries & Hot-Holding",Venue fact to supply,Where the probe thermometers are kept and where buffet temperature records are written,,
10mt-62-S2,BHB-10MT-62,"Buffets, Carveries & Hot-Holding",Venue fact to supply,"Which sneeze screens, serving utensils and labels the venue uses for wedding and event buffets",,
10mt-63-C1,BHB-10MT-63,HACCP & Food Safety Management,Check (law or wording),75°C core temperature is given in the trainer only as an example of a critical limit. Confirm it matches the venue's own HACCP plan (FSA guidance also allows other time and temperature combinations).,,
10mt-63-C2,BHB-10MT-63,HACCP & Food Safety Management,Check (law or wording),"the trainer says many venues run this through the ""Safer Food, Better Business"" pack; confirm the venue still uses the current version.",,
10mt-63-S1,BHB-10MT-63,HACCP & Food Safety Management,Venue fact to supply,"The venue's own HACCP plan or Safer Food, Better Business pack and where it is kept",,
10mt-63-S2,BHB-10MT-63,HACCP & Food Safety Management,Venue fact to supply,"Where temperature logs and cleaning diaries are filled in, and who to report a warm fridge or delivery to",,
10mt-64-C1,BHB-10MT-64,Manual Handling — The Basics,Check (law or wording),"the trainer says musculoskeletal injuries make up ""around a third of workplace ill-health"". Confirm against the latest HSE statistics, or soften to ""a large share"".",,
10mt-64-S1,BHB-10MT-64,Manual Handling — The Basics,Venue fact to supply,"Where trolleys, sack barrows and other lifting aids are kept",,
10mt-64-S2,BHB-10MT-64,Manual Handling — The Basics,Venue fact to supply,Who to report a strain or twinge to on each shift,,
10mt-65-C1,BHB-10MT-65,Safeguarding Vulnerable Adults,Check (law or wording),"the trainer uses ""vulnerable adults"". Current terminology in England is often ""adults at risk"". Confirm whether the venue wants the wording changed; it is kept as the trainer has it.",,
10mt-65-S1,BHB-10MT-65,Safeguarding Vulnerable Adults,Venue fact to supply,Who the Duty Manager is on each shift and how to reach them,,
10mt-65-S2,BHB-10MT-65,Safeguarding Vulnerable Adults,Venue fact to supply,Where a note of a concern is written and kept confidentially,,
10mt-66-C1,BHB-10MT-66,Spotting Modern Slavery,Check (law or wording),Modern Slavery Helpline number 08000 121 700 is quoted from the trainer. Confirm it is still current and that the service is still the right one to point staff to.,,
10mt-66-S1,BHB-10MT-66,Spotting Modern Slavery,Venue fact to supply,Who the Duty Manager and General Manager are on each shift and how to reach them,,
10mt-67-C1,BHB-10MT-67,Choking — What To Do,Check (law or wording),the trainer gives adult choking steps only. Technique for babies and young children is different and is not covered; confirm the venue wants that stated or taught elsewhere.,,
10mt-67-C2,BHB-10MT-67,Choking — What To Do,Check (law or wording),"the trainer says to call 999 if the blockage does not clear quickly. Current Resuscitation Council UK / St John Ambulance guidance for a severe choke is to call 999 once back blows and abdominal thrusts have not worked, or earlier if someone else can call. Confirm the trainer's wording matches the first aid provider's current guidance.",,
10mt-67-S1,BHB-10MT-67,Choking — What To Do,Venue fact to supply,Who the first aiders are on each shift,,
10mt-67-S2,BHB-10MT-67,Choking — What To Do,Venue fact to supply,"Where the first aid kit and defibrillator are, and who calls 999",,
10mt-68-C1,BHB-10MT-68,CPR & Defibrillator (AED) Awareness,Check (law or wording),confirm the trainer's figures against the current Resuscitation Council UK guidelines at the next review.,,
10mt-68-S1,BHB-10MT-68,CPR & Defibrillator (AED) Awareness,Venue fact to supply,Where the nearest defibrillator (AED) is in each part of the venue,,
10mt-68-S2,BHB-10MT-68,CPR & Defibrillator (AED) Awareness,Venue fact to supply,Who calls 999 and who fetches the AED when a colleague is doing CPR,,
10mt-69-S1,BHB-10MT-69,Phishing & Cyber-Security Awareness,Venue fact to supply,"Who to report a suspicious message to on each shift, and how",,
10mt-69-S2,BHB-10MT-69,Phishing & Cyber-Security Awareness,Venue fact to supply,"Who is allowed to approve changes to supplier bank details, and the known phone number used to check them",,
10mt-70-C1,BHB-10MT-70,Speaking Up (Whistleblowing),Check (law or wording),"the trainer says the law protects people who raise concerns ""in good faith"". Since 2013 the legal test is a reasonable belief that the disclosure is in the public interest, not good faith (good faith can only affect compensation). Wording kept as the trainer has it; confirm whether to change.",,
10mt-70-C2,BHB-10MT-70,Speaking Up (Whistleblowing),Check (law or wording),"the trainer says concerns go to the manager or General Manager, then the business owners. Confirm the venue's whistleblowing policy names the same route.",,
10mt-70-S1,BHB-10MT-70,Speaking Up (Whistleblowing),Venue fact to supply,Who the business owners are and how to contact them if a concern involves a manager or the General Manager,,
10mt-70-S2,BHB-10MT-70,Speaking Up (Whistleblowing),Venue fact to supply,Where the grievance procedure is kept,,
10mt-71-S1,BHB-10MT-71,Energy & Water — Reducing Our Impact,Venue fact to supply,Your manager will show you the end-of-service switch-off routine for your area.,,
10mt-71-S2,BHB-10MT-71,Energy & Water — Reducing Our Impact,Venue fact to supply,"Who to tell about leaks, broken seals or heating and lighting left on in empty areas.",,
10mt-72-C1,BHB-10MT-72,Anaphylaxis & Adrenaline Auto-injectors,Check (law or wording),"the trainer says to give a second dose after 5 minutes if there is no improvement and another injector is available. This matches current Resuscitation Council UK and NHS guidance as far as known, but please confirm with your first aid trainer.",,
10mt-72-C2,BHB-10MT-72,Anaphylaxis & Adrenaline Auto-injectors,Check (law or wording),"the trainer says to lie the person down with legs raised, or sit up if struggling to breathe. Current first aid guidance varies on raising the legs; confirm the wording with your first aid provider.",,
10mt-72-S1,BHB-10MT-72,Anaphylaxis & Adrenaline Auto-injectors,Venue fact to supply,"Where the first aid kit is, and who the first aiders are.",,
10mt-72-S2,BHB-10MT-72,Anaphylaxis & Adrenaline Auto-injectors,Venue fact to supply,"What to say on the 999 call about where to send the ambulance, and who meets it at the entrance.",,
10mt-73-C1,BHB-10MT-73,"Cash, Card & Payment Security",Check (law or wording),"the trainer refers to ""PCI"" standards. PCI DSS is the card industry's data security standard, set by the card schemes rather than by law; the slides only say card payments come with rules. Please confirm the venue's card provider requirements.",,
10mt-73-S1,BHB-10MT-73,"Cash, Card & Payment Security",Venue fact to supply,The venue's cash-handling procedure.,,
10mt-73-S2,BHB-10MT-73,"Cash, Card & Payment Security",Venue fact to supply,"Who authorises refunds, voids and manual key-entry on each shift.",,
10mt-73-S3,BHB-10MT-73,"Cash, Card & Payment Security",Venue fact to supply,Who to report suspected fraud or counterfeit notes to.,,
10mt-74-C1,BHB-10MT-74,Front Desk Security & Suspicious Behaviour,Check (law or wording),the trainer says keep people away from an unattended bag and report it to a manager. Confirm the venue's own suspicious-item procedure (for example when to call 999 or evacuate) and add it to the site notes.,,
10mt-74-S1,BHB-10MT-74,Front Desk Security & Suspicious Behaviour,Venue fact to supply,How a guest's identity is verified at your desk.,,
10mt-74-S2,BHB-10MT-74,Front Desk Security & Suspicious Behaviour,Venue fact to supply,Who the duty manager is to alert about suspicious behaviour or unattended items.,,
10mt-74-S3,BHB-10MT-74,Front Desk Security & Suspicious Behaviour,Venue fact to supply,Where the key and keycard controls are kept.,,
10mt-75-C1,BHB-10MT-75,Linen & Laundry Safety,Check (law or wording),"the trainer says to follow ""the sharps procedure"". Confirm the venue has a written procedure (including what to do after a needlestick or cut) and add it to the site notes.",,
10mt-75-S1,BHB-10MT-75,Linen & Laundry Safety,Venue fact to supply,The venue's sharps procedure: who to tell and how a sharp is made safe.,,
10mt-75-S2,BHB-10MT-75,Linen & Laundry Safety,Venue fact to supply,"Where gloves are kept and which laundry chemicals are used, with their COSHH information.",,
10mt-75-S3,BHB-10MT-75,Linen & Laundry Safety,Venue fact to supply,Where trolleys are kept and any slopes or lifts to take care in.,,
10mt-76-C1,BHB-10MT-76,Guest Room Security & Privacy,Check (law or wording),"the trainer says to report weapons, drugs or signs a guest may be vulnerable to your manager, who will decide what to do. Confirm the venue's procedure, including when to call 999 or the police straight away, and the safeguarding route for a vulnerable guest.",,
10mt-76-S1,BHB-10MT-76,Guest Room Security & Privacy,Venue fact to supply,How master keys are signed out and kept secure.,,
10mt-76-S2,BHB-10MT-76,Guest Room Security & Privacy,Venue fact to supply,How a guest is verified when someone asks to be let in.,,
10mt-76-S3,BHB-10MT-76,Guest Room Security & Privacy,Venue fact to supply,"Which manager to report concerning finds to, including out of hours.",,
10mt-77-S1,BHB-10MT-77,Hand & Power Tool Safety,Venue fact to supply,Who confirms you are trained and competent on each tool.,,
10mt-77-S2,BHB-10MT-77,Hand & Power Tool Safety,Venue fact to supply,"How faulty tools are tagged and reported, and where tools are stored.",,
10mt-77-S3,BHB-10MT-77,Hand & Power Tool Safety,Venue fact to supply,"Which PPE is issued, and where to get it.",,
10mt-78-C1,BHB-10MT-78,Hot Tub & Spa Safety,Check (law or wording),"the trainer names the disinfectant (chlorine or bromine) and pH as the two readings to test and record, with no target figures. Confirm the venue's ranges and testing frequency against HSE guidance for spa pools (HSG282) and the site's Legionella risk assessment.",,
10mt-78-C2,BHB-10MT-78,Hot Tub & Spa Safety,Check (law or wording),the trainer says to test far more often than a swimming pool but gives no interval. Confirm the interval with your risk assessment and put it in the site notes.,,
10mt-78-S1,BHB-10MT-78,Hot Tub & Spa Safety,Venue fact to supply,"The venue's test and record sheet, how often it is tested and who does it.",,
10mt-78-S2,BHB-10MT-78,Hot Tub & Spa Safety,Venue fact to supply,The correct disinfectant and pH ranges the venue works to.,,
10mt-78-S3,BHB-10MT-78,Hot Tub & Spa Safety,Venue fact to supply,"Where the safety signage is, and where spa chemicals are stored.",,
10mt-78-S4,BHB-10MT-78,Hot Tub & Spa Safety,Venue fact to supply,Who to report to when the tub is taken out of use.,,
